{
    "distributions": {
        "sensor_failure": {
            "n": 186,
            "mean": 0.8617708163194546,
            "std": 0.04714326721596121,
            "p10": 0.7866630646948847,
            "p25": 0.8356014789802151,
            "p50": 0.8689064627408666,
            "p75": 0.9053841188033467,
            "p90": 0.9144359957484316
        },
        "operational_drift": {
            "n": 102,
            "mean": 0.8608032976665045,
            "std": 0.036950976917323824,
            "p10": 0.8236506773312764,
            "p25": 0.8276960175708323,
            "p50": 0.851374262041991,
            "p75": 0.8813409328079325,
            "p90": 0.9200709284098656
        }
    },
    "suggested_fci_high_threshold": 0.981,
    "suggested_fci_low_threshold": 0.881,
    "best_f1_threshold": 0.0
}